milestone_percent,baseline_mean,algorithm_mean,p_value_baseline_new
10\%,50.07,76.24,9.94324653496367e-21
20\%,143.71,209.12,1.3341547939018107e-29
30\%,231.9,335.17,6.552547770143438e-38
40\%,328.59,474.31,4.0190334125688164e-41
50\%,429.21,613.04,9.704060915505181e-46
60\%,543.54,707.0,3.7008017823504083e-25
